Date,Close,High,Low,Open,Volume
,LMT,LMT,LMT,LMT,LMT
2024-01-02,435.0343017578125,440.6901604150824,433.29843044333046,433.29843044333046,1206500
2024-01-03,437.8955993652344,442.64539227100187,436.64616093478446,437.5808675535479,1174300
2024-01-04,436.7033996582031,442.5023473102221,436.60801667644506,440.9381479084277,1087700
2024-01-05,435.3967590332031,438.83986072483,432.3160661195363,438.7731188303747,705300
2024-01-08,437.399658203125,437.48549415364613,432.56402924284095,433.40335290144634,716000
2024-01-09,435.19647216796875,437.4092002638155,432.31606317091536,437.35197629364365,732900
2024-01-10,434.34759521484375,438.4106716796879,433.75626146033227,435.1106299842137,666100
2024-01-11,432.1825256347656,436.6366226643907,428.58678810877814,435.4539552058691,784800
2024-01-12,441.7679138183594,441.95867977724276,435.42533862726924,436.2265032623418,966500
2024-01-16,436.6747741699219,444.71506155720846,435.26318176123493,444.71506155720846,814900
2024-01-17,435.36810302734375,441.39594624268284,434.0423465941672,436.5126405364631,920800
2024-01-18,438.3247985839844,438.71584841262563,432.57355729696906,435.01521013845763,780300
2024-01-19,436.59844970703125,439.5456001394471,434.881643548644,439.268998255461,866600
2024-01-22,437.5522766113281,439.5265617386237,434.38574785521365,436.4363510117264,1216800
2024-01-23,419.3447570800781,437.7811486372663,413.83195859484374,437.39009880253053,3613500
2024-01-24,411.6954650878906,422.7115434554825,411.60008211585154,419.2016421893015,1768900
2024-01-25,411.11370849609375,413.8796402466623,406.06824870636245,410.1217779066021,1813900
2024-01-26,410.03594970703125,413.38369731808746,406.9838689617425,412.0007168632662,1260500
2024-01-29,408.2237854003906,412.05793669355256,405.89658040450166,411.0755531252977,1903300
2024-01-30,411.72412109375,411.8862750742349,408.0044176408568,411.3330712413331,1016400
2024-01-31,409.5590515136719,413.66980463323097,409.22522564432245,412.3631422453301,1120100
2024-02-01,409.90240478515625,411.80994796063897,406.97434813195747,410.3411606724125,1175000
2024-02-02,406.278076171875,409.0726198817672,404.7615828708741,408.3477732823771,973900
2024-02-05,402.2054748535156,404.7520285958545,400.4218976027521,404.39913777893696,1379600
2024-02-06,407.2127990722656,409.1870841767197,400.92741857091653,402.4725530232886,1065700
2024-02-07,410.2171630859375,410.39838201499356,406.821738583833,406.821738583833,980700
2024-02-08,407.26043701171875,409.883308678656,406.04915766579813,409.5113238164461,972200
2024-02-09,406.7835998535156,407.8995254666709,404.847444610513,407.7659834673189,1038600
2024-02-12,408.281005859375,410.64634074144715,406.3066917098014,407.02202039238904,1007200
2024-02-13,406.8026428222656,411.9339385671285,403.67427321183453,409.4922856568798,1089300
2024-02-14,398.85772705078125,408.691109408352,394.78513300840314,407.909009751274,2503800
2024-02-15,403.5598449707031,403.7792229227151,399.229713646971,399.229713646971,1136700
2024-02-16,404.4659423828125,405.50554996737264,403.0066729522353,403.55984769100303,806000
2024-02-20,404.65667724609375,408.49085781060126,404.17979143313914,405.53415994892237,1363900
2024-02-21,407.7850341796875,408.4240739559249,404.7520474903918,406.50698373401195,969600
2024-02-22,409.0631408691406,409.6258626552299,404.23702949552523,405.4387911002454,1236900
2024-02-23,411.19000244140625,411.4856693051998,408.4050057037123,409.04401636798906,842200
2024-02-26,409.3396911621094,412.4585429442499,407.06019215771994,411.55244827520005,980600
2024-02-27,410.5318908691406,411.29492559104057,406.78357557572747,408.8627906176576,887000
2024-02-28,412.4871520996094,414.9097110070261,410.9229527041441,411.9148833181758,1029300
2024-02-29,411.4399108886719,413.85145165517815,410.78659468208576,412.48714609873537,1503100
2024-03-01,409.7297058105469,412.08360254396393,407.3662213210721,411.1132160776431,1059000
2024-03-04,414.9947509765625,416.8586460210473,410.20052089139955,411.75696268063086,1271900
2024-03-05,415.033203125,418.9051028875433,412.900293744619,416.7241374418046,1038000
2024-03-06,416.4743347167969,416.79137572138,414.014767370967,415.033180600708,775300
2024-03-07,413.1212463378906,418.49194404384156,412.63127385633413,416.9739412141112,1085800
2024-03-08,415.91705322265625,415.9939311914354,410.7961653961179,411.68967387078436,763200
2024-03-11,417.69451904296875,418.90509793438264,415.6288705862986,417.27177813867684,951000
2024-03-12,417.8482360839844,418.6841007963558,415.38866869020063,415.93631430187713,825100
2024-03-13,417.5504150390625,420.6152719757362,416.72413805319815,418.6168550706391,987100
2024-03-14,418.6744689941406,420.44228116372386,416.30136741403084,419.24131941914106,1153600
2024-03-15,418.7225341796875,421.01875783877756,416.15726693640784,416.15726693640784,5151300
2024-03-18,416.205322265625,418.98193062811976,414.7449339899395,418.722533441423,965300
2024-03-19,420.03875732421875,420.1348401239419,416.9546958994768,418.17486242693445,898700
2024-03-20,423.1324768066406,423.6608882757653,419.43350856169786,419.8850713758133,845000
2024-03-21,425.7745666503906,426.47593886084593,422.0948034650487,424.0451641551235,912100
2024-03-22,428.38787841796875,428.7433584160427,426.26458618598906,427.06201191245043,1008300
2024-03-25,428.80096435546875,430.9530783074327,427.3598103368457,430.29014511323777,775000
2024-03-26,428.4935302734375,431.02035845691415,428.3686255616527,428.98353204417623,766700
2024-03-27,438.8602600097656,439.1773010213932,430.2901837747124,430.3094179283818,1277700
2024-03-28,437.0251770019531,439.17729109865934,436.1412855638155,438.8794549270743,1119500
2024-04-01,435.02679443359375,437.4959495626002,433.5183794054287,436.32383901628117,717100
2024-04-02,435.4591369628906,437.81303384800594,434.8058207725349,435.83385112287385,837900
2024-04-03,430.32861328125,436.3334220994198,430.03077710949725,435.15169448903157,758600
2024-04-04,436.2277526855469,438.09164769323843,429.6080373532117,432.5960454755783,1398300
2024-04-05,437.51519775390625,437.69774629541934,432.2021438570283,434.66171130858095,892100
2024-04-08,434.63287353515625,439.0716235502498,434.5271736527058,438.11085413329084,751100
2024-04-09,430.0115966796875,434.3254421969569,428.6761130489674,431.0876537897127,842800
2024-04-10,433.9891357421875,434.8538223346853,425.4671158892606,427.2445451362786,1247700
2024-04-11,434.5752258300781,435.9491190471596,431.3374376151335,433.7873878783307,942800
2024-04-12,432.7305603027344,440.0132092522063,432.451928948744,436.2950068010247,1251200
2024-04-15,435.30535888671875,441.28134534363136,433.9122609384255,440.983509194393,2442100
2024-04-16,436.4871520996094,440.84905346856453,435.8338359320248,436.8714540028735,1452300
2024-04-17,438.15887451171875,439.3021924469216,434.0083729742126,438.7929858361438,848300
2024-04-18,438.19732666015625,440.0804265369089,436.44871925727927,436.99636487032694,714900
2024-04-19,445.6720886230469,447.1036256199895,439.3406219128882,439.8402114362969,1388000
2024-04-22,443.23175048828125,451.1196886592322,442.34785902759904,446.97877474056486,1820900
2024-04-23,442.03076171875,454.9627386335725,439.70571624765194,447.82419988465267,1789500
2024-04-24,441.127685546875,445.499174679478,438.1684993140481,444.5480223362473,1018900
2024-04-25,446.5464172363281,447.3342552106367,439.5808388261851,439.9843748902122,927700
2024-04-26,443.1933288574219,447.7185445638072,441.15650240173613,445.70092294097213,858000
2024-04-29,449.20770263671875,449.30378543681024,443.8370054316032,443.8658273395952,951500
2024-04-30,446.69049072265625,449.62085485771723,445.43188520889714,448.75613897895414,711800
2024-05-01,443.6160583496094,447.14206557044423,442.49194526906933,444.46151077866006,994700
2024-05-02,445.0284423828125,445.4127443172337,440.9931987704948,443.01082057665366,1011400
2024-05-03,443.78900146484375,444.76897570721513,439.23496384628385,444.76897570721513,910700
2024-05-06,444.6248474121094,445.31660253060215,442.12684118864354,444.9899444635853,796300
2024-05-07,448.3718566894531,448.4967614027474,444.98995895576775,445.7970017335669,723400
2024-05-08,447.8722839355469,449.64009617986255,445.58564798593926,449.15971146172166,599000
2024-05-09,450.01483154296875,450.3703115598898,446.9595623081272,447.79542706582964,594800
2024-05-10,450.4855651855469,452.1572945747019,449.6208785815134,450.6008528233706,482500
2024-05-13,452.0996398925781,453.8194253030731,451.081226689132,451.44632374703815,634300
2024-05-14,448.8522644042969,452.62808130414624,448.48716732221044,452.62808130414624,565500
2024-05-15,445.8738708496094,449.0636324418558,445.32625454978046,447.9875753554008,803900
2024-05-16,446.5944519042969,449.94755723286374,435.22856217709705,445.4127242422219,1130800
2024-05-17,447.91070556640625,448.67930935750616,444.9803413070831,447.5648133361627,677200
2024-05-20,448.756103515625,450.3798059484845,446.68086766758194,449.41903666609903,735200
2024-05-21,449.93792724609375,450.71614813500923,448.52559501799595,449.6400910698597,558900
2024-05-22,451.28302001953125,451.4655685646522,448.4679725063507,449.13090578697785,548700
2024-05-23,448.756103515625,451.2541095138974,447.9394730818787,449.7264898733468,867000
2024-05-24,449.015625,450.27423068062166,447.20937367565074,449.3230782723058,513700
2024-05-28,440.4935302734375,447.71850503542026,439.31177344945473,447.34379092524784,1150400
2024-05-29,434.9595031738281,438.1108254825552,434.0755824670743,438.0916206508,1268000
2024-05-30,442.8570556640625,444.77859449045394,437.15008300405145,437.15008300405145,1173600
2024-05-31,451.8882751464844,451.9074799791169,441.4639213138917,442.8186096835431,1651600
2024-06-03,452.2848815917969,455.1092274162871,449.7797144153304,450.73727987744934,990100
2024-06-04,453.5326232910156,454.7610167968002,450.8920274037882,452.1978172275391,845800
2024-06-05,449.99249267578125,453.49392333973134,448.4352091018644,453.07801406595746,915300
2024-06-06,453.2714538574219,454.40314625840284,449.1413182500023,449.992500651074,768100
2024-06-07,454.73199462890625,459.7229944229916,453.27144170631,453.45522106152595,1042800
2024-06-10,452.1494140625,455.3316659408193,450.5051113652561,455.3316659408193,900400
2024-06-11,447.6420593261719,451.2982531084669,447.42926372961307,450.42773640183407,908300
2024-06-12,444.0729064941406,448.0579902798042,442.6800974987217,447.1584278312423,1026400
2024-06-13,443.54095458984375,444.69198132927954,441.0744855870797,443.61835091006736,742000
2024-06-14,443.328125,443.5409205872307,439.55586642458815,441.5483935059094,702800
2024-06-17,443.9761962890625,444.1502937201709,441.3646167502549,442.7574552352129,669700
2024-06-18,444.9338073730469,445.61089236539914,442.40930580857173,444.740346084361,657900
2024-06-20,451.0661315917969,452.17846015532314,444.12130261175054,444.9337868542753,1041400
2024-06-21,452.2848815917969,454.41280812073313,448.46424262681836,451.8496084628078,3363500
2024-06-24,456.06683349609375,460.1099205657151,452.4976882092704,453.6003349018725,1031500
2024-06-25,452.7394714355469,456.17318769987065,451.37564913820535,455.39940163181205,711200
2024-06-26,451.69482421875,452.7684841116309,448.5319360549449,451.7045061378896,932100
2024-06-27,451.8302307128906,453.5229134681889,450.0698335630496,453.5229134681889,871000
2024-06-28,451.8012390136719,456.29893324699646,449.6442668161295,454.65460095960856,3472500
2024-07-01,451.1628723144531,456.2312391626359,449.5379037930881,455.35104050071794,562500
2024-07-02,450.4471130371094,451.38534416885767,448.82211501811065,450.35038239628074,502500
2024-07-03,450.76629638671875,451.19188759636904,448.92853226398205,450.24397453523017,313300
2024-07-05,447.0230407714844,449.770019715322,444.6339386258231,449.7506853947343,631400
2024-07-08,446.63616943359375,449.354132269581,446.0171169281492,447.52602051261016,447700
2024-07-09,445.22393798828125,447.46795889734744,444.70164567862065,446.5781078762652,537100
2024-07-10,445.9107360839844,446.27829482115055,442.273876391664,445.2916835754838,656000
2024-07-11,445.3013610839844,450.51480920127113,441.1711958097457,444.85643554668735,1132900
2024-07-12,448.5416259765625,449.6732888503327,444.4791752836339,447.2164723067788,579400
2024-07-15,448.68670654296875,451.9463253975877,447.62272855174604,451.4240035622517,783000
2024-07-16,453.2327575683594,453.8227938107383,448.56096578062267,448.56096578062267,736400
2024-07-17,460.4774475097656,461.1641848550264,454.3160866865988,454.6062490809213,1123100
2024-07-18,460.4097900390625,465.1105985165957,457.5273819875301,458.9589188519646,981100
2024-07-19,459.36517333984375,463.8338518495545,457.32426586474725,463.8338518495545,889400
2024-07-22,459.0459289550781,460.53549818021435,457.3629279654349,459.44250392168146,881600
2024-07-23,484.8714599609375,485.3357198238282,467.04506785147396,472.8292179603895,2579100
2024-07-24,498.3258361816406,502.57206612864843,484.98748723700066,488.45990160924543,2580100
2024-07-25,504.3227844238281,509.43950157643843,496.0721363133851,498.132377861213,1923900
2024-07-26,507.611328125,511.3255834174546,502.9782352044477,505.18352816240116,1141300
2024-07-29,510.3583984375,512.1187956730124,502.2528610404923,505.87035663066143,961200
2024-07-30,520.0502319335938,520.8240771134595,507.83395109559973,510.6582970865941,1234200
2024-07-31,524.170654296875,529.0842872423207,520.5531587439544,525.2152979389033,1481500
2024-08-01,530.8834228515625,531.1349166351026,522.9810276911568,526.2212830440635,1271700
2024-08-02,530.7963256835938,542.7418063585351,523.6580358064064,533.0693332497273,1484800
2024-08-05,527.517333984375,544.1733040516191,520.611174135771,535.042487233781,1683800
2024-08-06,523.8223876953125,531.4829689369232,523.4161604041886,528.0976037600293,1033700
2024-08-07,530.544921875,534.0850216570617,519.1604002044794,522.1878895236437,1306600
2024-08-08,533.5530395507812,535.545566958388,525.8827742717286,527.6431717345423,846300
2024-08-09,533.5143432617188,535.4778248064401,530.177327887974,534.0753042538695,825100
2024-08-12,538.669677734375,539.2984121053281,532.3729472863483,533.0209864591137,793700
2024-08-13,541.0975341796875,541.3587098741624,534.2204192046902,538.660110830278,793600
2024-08-14,544.7730712890625,545.7403187227942,538.7568205885782,539.801464347116,796700
2024-08-15,541.9390869140625,545.6049927654066,540.526943330512,543.3996401020657,974600
2024-08-16,541.7842407226562,543.9992158105835,538.756751918075,542.9159035457719,912000
2024-08-19,540.1012573242188,544.3281234847458,537.0640865024853,537.1318009007384,709700
2024-08-20,538.7664794921875,540.5945912325058,532.9146445753248,539.6949992058001,972200
2024-08-21,535.6229858398438,541.6489188822245,535.187712656978,540.0916645735804,883100
2024-08-22,538.7858276367188,539.8981266839317,535.148968101423,536.0291372269947,774500
2024-08-23,536.8319702148438,540.5655308800915,534.6750274795493,539.7240303942998,870400
2024-08-26,539.8207397460938,541.7939621865239,537.8959269035919,537.8959269035919,795400
2024-08-27,542.0550537109375,543.77678230672,538.7761301086074,541.1265340512726,749600
2024-08-28,545.5081176757812,550.1025423871093,543.380220827828,543.7864481669349,829300
2024-08-29,548.2841796875,549.947875958608,544.560300712696,545.5275481384734,662300
2024-08-30,549.4931640625,550.4507884737978,544.1249533884524,546.4656753096378,1082800
2024-09-03,551.7011108398438,556.3503608824047,549.7266815129433,551.8081464114605,1266900
2024-09-04,559.0543212890625,562.8962036770412,553.1600630138659,553.7631547250265,941700
2024-09-05,553.0336303710938,560.1630417499797,548.9679412634416,559.4627691582987,841000
2024-09-06,551.1273193359375,556.4573705505394,549.4932903365399,553.481092843553,976700
2024-09-09,560.7952880859375,562.186156747832,551.9539606419746,551.983168349587,810200
2024-09-10,556.53515625,562.040275222583,554.813563610865,561.7582308560819,756400
2024-09-11,551.4482421875,556.7490850640073,545.7193757798856,555.5722281318758,809200
2024-09-12,552.7224731445312,553.403274048155,548.4720386225872,549.5419194985122,739400
2024-09-13,554.3175048828125,556.7977855768601,549.0847537632138,551.48714723202,638800
2024-09-16,557.2451782226562,561.2135680819745,553.4227081843352,558.6944030681344,597700
2024-09-17,551.496826171875,552.5667068337028,548.1800892627459,551.1563664229246,739900
2024-09-18,550.0183715820312,553.9575530517023,546.8962341115626,550.8256796794776,731700
2024-09-19,549.7169189453125,552.0026596075751,546.779525807927,550.9716037464168,917500
2024-09-20,556.2725219726562,557.8093105402719,547.5382295333562,547.6744134470623,3794400
2024-09-23,564.6275024414062,565.8335670695934,555.2026143514468,555.864002716412,884500
2024-09-24,562.7989501953125,565.2596996720202,560.3868208682134,563.0907304582258,690100
2024-09-25,562.1278076171875,567.7788460919029,561.0773393396183,565.6487611940527,844500
2024-09-26,561.6026611328125,566.5923117597508,558.7236238162792,559.268300133973,746200
2024-09-27,566.4268188476562,568.0900552143282,559.5891880707383,561.8457208020645,848100
2024-09-30,568.5667114257812,568.9460554571829,563.3631086513718,568.1582190501828,974900
2024-10-01,589.283935546875,594.7599060923909,565.9891846291931,570.0840223421444,2356200
2024-10-02,586.6967163085938,593.3106593263933,584.9653878565458,588.3891011498699,1192500
2024-10-03,589.2450561523438,592.3380457204515,584.5569219671451,587.9028075556773,856600
2024-10-04,588.573974609375,589.7022115148465,582.9229354476423,587.1441621459034,559800
2024-10-07,588.97265625,594.8571782601753,587.4748113805563,590.3927326291353,1102200
2024-10-08,591.4140014648438,594.040142498347,586.5897429268189,590.6066932858396,571800
2024-10-09,588.554443359375,590.5289319511164,586.5216580810103,590.1107036850666,543800
2024-10-10,581.1429443359375,590.6748090592747,579.9076719433988,589.5271004296634,853700
2024-10-11,587.64013671875,588.0097448217778,583.6718066103348,584.1483909102235,526000
2024-10-14,594.1569213867188,595.2462740413185,587.2609332088646,589.4201667103962,562300
2024-10-15,588.4474487304688,597.8042447362681,587.2024405089046,595.7422518139043,849600
2024-10-16,596.063232421875,596.2383005698875,586.1325525752518,586.5021606761425,549200
2024-10-17,592.9411010742188,597.6681196901453,590.6262119185479,596.0632984729004,617500
2024-10-18,595.0712280273438,596.5885449502715,591.8420541933654,594.6627356079742,864100
2024-10-21,597.7945556640625,602.0158414997474,594.6334740802725,598.7964038613288,1017500
2024-10-22,561.194091796875,591.6961427283555,558.2956421290478,590.2955380459648,2259200
2024-10-23,555.4749145507812,566.2517869186843,555.3776742558595,561.2329885224802,1402200
2024-10-24,548.7734985351562,558.2275353666247,548.7442908258585,555.1150740032693,1102800
2024-10-25,546.906005859375,554.3856136856305,545.7485612887361,551.195383712734,1077600
2024-10-28,539.9807739257812,547.7521615065746,539.3291214563037,547.5965651576176,1278700
2024-10-29,531.8397827148438,538.2592452620916,531.4604386941575,537.6756253767445,1041700
2024-10-30,531.0032958984375,536.1777498873943,528.3382707332614,531.9370520425847,1005200
2024-10-31,531.1102905273438,536.5862608520874,527.8227611519654,532.0731950466229,1245300
2024-11-01,530.429443359375,534.3005927019526,529.7194348308402,533.0069642867935,792600
2024-11-04,528.240966796875,533.7947647399022,525.6245617992475,530.7698674048194,827600
2024-11-05,531.7911376953125,532.1996300402683,527.1710958040409,530.0890169985282,610100
2024-11-06,536.7224731445312,546.0403855017879,525.2258556253448,546.0403855017879,1751300
2024-11-07,536.7418823242188,541.7606804605552,534.6312100002658,539.8153997407687,818200
2024-11-08,549.1138916015625,551.3023326201369,539.5430834262817,540.2725637658065,1165700
2024-11-11,554.9691162109375,560.3867297785773,554.210428285424,554.618920587103,1171400
2024-11-12,550.4756469726562,560.6591646644164,549.3473507312572,558.6069074264302,1133500
2024-11-13,542.470703125,549.5418177233852,541.1090422046632,548.5691773380341,1118300
2024-11-14,524.2434692382812,545.9916955601152,519.1857270002296,545.9916955601152,1972700
2024-11-15,520.1973266601562,527.6963467977414,516.8805893652949,523.1541323599084,1757100
2024-11-18,516.4331665039062,523.2610617216942,514.2738739528772,521.7243326375951,1298400
2024-11-19,518.6702880859375,524.5644872044826,516.6763869126261,522.3857819595804,935700
2024-11-20,520.1000366210938,520.5863568720783,514.721365515142,519.5650962180637,994300
2024-11-21,527.1808471679688,529.7777804849545,519.117620036953,520.4988121858383,1321700
2024-11-22,527.385009765625,531.0616186980877,525.1479488859184,530.0889783708018,1311000
2024-11-25,507.61138916015625,519.545648299671,500.81264123722997,518.3979395784079,3613500
2024-11-26,507.18341064453125,509.72198815215273,505.17977354945305,505.17977354945305,1345800
2024-11-27,511.3656921386719,515.4896779510588,508.8562632753765,509.2161354754498,890400
2024-11-29,514.9255981445312,514.9936901056323,510.23752301973104,513.3305127889753,658200
2024-12-02,509.27825927734375,515.5910926856965,508.2603301233416,514.0838526337817,1115600
2024-12-03,506.0092468261719,510.41358263026814,505.2751908588225,509.08250881317184,1188400
2024-12-04,506.4986267089844,508.7791106823454,502.23132894466033,505.1577558965139,1542800
2024-12-05,506.47900390625,509.49354368857206,503.08280043629037,506.4202818206423,1113400
2024-12-06,502.1236877441406,506.4399106779511,498.76658231844453,504.75644454508864,1284700
2024-12-09,499.1678466796875,505.38282987414993,497.73886291419086,500.3227542144204,1170500
2024-12-10,502.0355529785156,503.67003418445495,497.29844878242693,498.3359121464688,1178900
2024-12-11,493.5204772949219,503.07300143267514,492.610255102868,502.87724123556546,1308000
2024-12-12,486.0233154296875,490.4472449834118,478.32062659264096,489.3706236376465,1862800
2024-12-13,484.1343688964844,488.6072237212354,481.7168767365453,485.0348240176982,990100
2024-12-16,481.1981506347656,484.2811797333447,479.7300386955552,484.2811797333447,1483700
2024-12-17,480.1802673339844,482.519473438802,477.3908784515503,478.6632302270881,1354500
2024-12-18,472.6733093261719,479.81810861945854,472.15457765001617,479.0938496407389,1424400
2024-12-19,469.4630432128906,473.710776759076,467.16299524453325,469.79581166189354,1250400
2024-12-20,478.6240539550781,478.6240539550781,467.6132144639258,469.2575225282363,3973500
2024-12-23,476.1478271484375,478.45767205929735,471.5868892817649,477.0678463245241,1053900
2024-12-24,477.7529602050781,478.3402109153976,473.7205511263956,475.7269586954411,375900
2024-12-26,479.56365966796875,482.9794571525095,475.9325080398154,477.62574119477455,662100
2024-12-27,478.57513427734375,482.9109510644001,476.04019789660583,477.99768049505803,820600
2024-12-30,473.0941467285156,476.2065366922057,471.60647080174346,475.6682409596322,887600
2024-12-31,475.6095275878906,476.1869813437719,471.7532846557638,474.08269362041847,731900
2025-01-02,471.9979553222656,479.30915346104575,471.1856132485397,475.60951282869985,953700
2025-01-03,471.5771179199219,473.632480525991,470.6864597949982,471.1856273922927,817200
2025-01-06,456.09344482421875,469.7958229949034,455.9564067054812,468.57239637252087,1698600
2025-01-07,454.0967712402344,463.35568475166116,453.09846594163247,455.8193653574881,1276600
2025-01-08,458.8828430175781,459.2449725026317,451.4346065411364,453.646571333707,998700
2025-01-10,458.0998229980469,461.56457533248687,455.8291660336208,458.05089788383196,1127400
2025-01-13,472.8886413574219,474.5133554696691,458.83390101724694,459.02966122115663,1435200
2025-01-14,474.1609802246094,474.8852690643931,467.8089590351264,474.6895088657893,1162000
2025-01-15,473.681396484375,477.3908341266218,470.15792206619943,477.3908341266218,882200
2025-01-16,476.50994873046875,476.6469868419502,471.26390998849905,471.55752041479866,956400
2025-01-17,479.89642333984375,481.5896266091363,473.8967346174289,477.17552382290535,1337600
2025-01-21,495.5269470214844,498.7176233865597,484.2029028775683,484.4769492500683,1615900
2025-01-22,488.72467041015625,494.78308136301587,484.6531030741128,492.5417554536928,1324800
2025-01-23,486.70843505859375,495.2430597333357,483.4786009643793,492.81577074313526,913000
2025-01-24,486.395263671875,486.71826502448044,484.08544856186177,484.4769391045471,759400
2025-01-27,492.982177734375,496.3294560497894,486.21907217939537,489.45870329540276,1948600
2025-01-28,447.7252197265625,469.53157470038997,447.5490235922268,463.629765854903,4023900
2025-01-29,444.70086669921875,452.6580379603679,439.8463183894963,450.22098176924584,2396800
2025-01-30,449.87841796875,450.1133361839184,441.7255163466611,446.8736751067648,1911800
2025-01-31,453.1082763671875,454.3610639799891,447.4315591616704,450.2209777147526,1473800
2025-02-03,445.73834228515625,451.52267664623537,443.93743214477007,449.04646253921914,1476300
2025-02-04,444.03533935546875,445.7285725326079,441.66680217046314,444.3485437354275,1234200
2025-02-05,440.3063659667969,447.3826766739844,439.2297445089597,447.28479656530544,1139700
2025-02-06,438.98504638671875,442.5574761021557,435.1777581811604,440.43359429405916,1291800
2025-02-07,434.9428405761719,441.9016765610669,434.34579287893575,440.3356845795575,1347400
2025-02-10,438.69140625,439.3961011479335,431.3410498713006,435.3440980176128,1427800
2025-02-11,439.8071594238281,442.1952904940713,435.53986185593277,438.37820554370325,906100
2025-02-12,432.57427978515625,439.5918678250361,431.6738246755432,437.75182946060175,1282800
2025-02-13,425.4783935546875,435.83346274395245,422.8260131543935,433.09299921621096,2400000
2025-02-14,414.1935119628906,425.9090459197439,410.77771455852707,424.3332569755151,3252800
2025-02-18,419.4298095703125,423.7264683916791,414.49694500206124,420.55535610363904,2812500
2025-02-19,423.74603271484375,428.6886640399253,416.5326846707623,421.83747534522325,2802100
2025-02-20,427.0150451660156,428.68868440625164,420.1834202188234,420.4476696139721,1358000
2025-02-21,431.350830078125,434.2968506974511,426.4081988829263,427.112893753473,1652400
2025-02-24,430.9103698730469,438.75009630664897,429.217166742549,432.6036028723552,1946200
2025-02-25,438.9263000488281,442.068081020107,431.62489856338186,432.3589545133196,1715500
2025-02-26,432.1142883300781,438.476106844564,430.00020351639125,436.3522250597573,1466900
2025-02-27,436.96881103515625,437.57562583242856,432.0653376730865,432.78959664159703,1458100
2025-02-28,440.7956848144531,441.21653637659347,435.5692102087133,437.49733163460706,1433600
2025-03-03,445.59735107421875,448.052396094895,442.5309820305369,446.5142919747983,1579400
2025-03-04,442.52117919921875,457.23177213912993,442.19579363402477,444.45366374930035,2268700
2025-03-05,453.9583435058594,456.9753961584787,443.06340440314676,444.7987136739343,2060100
2025-03-06,455.023193359375,456.99512485822385,447.04673405724577,454.8457267459074,1395800
2025-03-07,467.002685546875,470.7887905302881,451.5723271121028,451.5723271121028,2168700
2025-03-10,472.4452209472656,487.26428494362517,467.0519870994079,468.7872663560501,2284400
2025-03-11,462.29962158203125,471.9324960421182,459.9924653581685,470.01972009690706,1456900
2025-03-12,455.023193359375,460.26853836774177,449.6003817375406,458.61212313013755,1271500
2025-03-13,461.3629455566406,461.95453102370374,453.4061947433946,453.59353064278605,1159200
2025-03-14,459.6276550292969,462.41792479034507,455.4767176648673,459.38116359817195,972400
2025-03-17,461.04742431640625,465.642028266331,456.33450929220396,457.33034431618387,1051600
2025-03-18,462.6940002441406,465.01102574589265,458.8586091704204,461.55027637754625,881600
2025-03-19,463.9461669921875,469.0140453394195,460.2192176979894,464.6166465633477,1122700
2025-03-20,460.1896667480469,463.3053222792099,457.6951744836644,462.57571721755056,922000
2025-03-21,433.5291442871094,474.7424998386323,426.44004826866893,471.3803530826433,7141700
2025-03-24,428.8753967285156,429.65428801392346,418.34525955339444,419.6566108630076,3015400
2025-03-25,435.8658752441406,437.7786511576605,426.92315889753723,430.64023884840515,1600200
2025-03-26,438.9223937988281,444.8677661711356,436.782834844839,438.04486982321197,1349700
2025-03-27,436.07293701171875,441.85071203669025,434.0418499444937,439.77030862768004,1559300
2025-03-28,435.29400634765625,439.5040993283687,433.3910996846615,436.0236414583573,1595700
2025-03-31,440.44073486328125,444.72969172912485,434.5545183579905,435.37288674910053,1690000
2025-04-01,442.34368896484375,444.91704513205735,438.24206783003103,441.7126564413556,1042400
2025-04-02,446.5142822265625,449.52149566837886,438.7646062590565,439.95761633234406,1270300
2025-04-03,448.3974914550781,455.39785412423134,444.4733370353072,447.1453258157921,1813800
2025-04-04,426.0850830078125,448.5453810707105,426.0653745254108,443.68457725685846,2392700
2025-04-07,424.77374267578125,432.7502014387399,413.00131001627096,416.27472330452173,1968100
2025-04-08,437.13775634765625,445.05509013107934,431.29098672681744,442.14647916034124,2151500
2025-04-09,455.7528076171875,461.75733554209665,429.26978149406,433.08546420733785,2291600
2025-04-10,457.19232177734375,462.5165307101115,444.05925101104015,453.5442365347196,1832600
2025-04-11,468.2351379394531,471.46910445999197,453.8597702587615,457.8134725339248,1452300
2025-04-14,468.6689758300781,472.0311227905909,461.027740944173,466.16461429408406,1079600
2025-04-15,462.98980712890625,468.66897976552997,461.431994404179,467.6139891380912,1224300
2025-04-16,470.3845520019531,476.04401617123955,467.8703512403071,470.6310434526748,1529700
2025-04-17,457.5669860839844,463.0785612744544,442.0972106731664,455.1612572621884,3052800
2025-04-21,451.8976745605469,456.7289308668711,446.4354459021162,452.8146455872729,1532900
2025-04-22,455.5950622558594,464.1631074392594,436.1419763374515,451.6216212973693,2878000
2025-04-23,457.04443359375,464.77443192807823,451.2272414038332,460.4460276323165,1352700
2025-04-24,460.2586669921875,461.02771906967575,453.7020008061384,459.233254192441,1105000
2025-04-25,470.93670654296875,471.7451756094585,461.33337944743397,463.39404430353386,1521700
2025-04-28,469.6056213378906,477.0003642400021,467.6336898973276,472.58322698099795,1159700
2025-04-29,469.2013854980469,472.573371509983,466.70689335638446,469.2999880908147,897100
2025-04-30,471.0451354980469,471.8930515973731,464.5180470690108,471.55782685420087,1095000
2025-05-01,471.01556396484375,472.7212955614035,466.3618043751188,469.31970165445364,986400
2025-05-02,466.1645812988281,484.1781942958656,460.94884429403675,477.94688371175863,2090500
2025-05-05,464.9420166015625,467.83088908938686,462.75317138620176,467.3477754901315,1150200
2025-05-06,461.6390075683594,464.5476185173402,456.955670335134,463.17711170518106,1135400
2025-05-07,464.70538330078125,468.23512743729935,460.50515958815186,461.82635007899546,1204400
2025-05-08,467.8703308105469,472.27759896057717,465.10963871872593,466.36180440157204,1093100
2025-05-09,466.8744812011719,469.94085026503524,461.51082522784117,468.59992122705944,978800
2025-05-12,466.5195617675781,469.0140539322898,459.24312965766774,466.85478651465667,1364500
2025-05-13,453.3766174316406,466.1744636945053,452.6963287465119,466.1744636945053,1859400
2025-05-14,442.8760986328125,455.3189818720474,438.81392446290624,454.3724631551002,2129700
2025-05-15,458.61212158203125,458.87832150133397,448.6439922425698,452.5286996893317,1758700
2025-05-16,461.74749755859375,461.91509488983064,456.1669276784302,459.6670941332707,1319200
2025-05-19,466.42095947265625,467.78159703414997,461.21506146951964,462.82219047072493,1199700
2025-05-20,469.1422424316406,470.40427742047183,464.28143838076846,464.61666313366095,1058500
2025-05-21,463.6799621582031,474.180491161616,463.45317920822987,474.09175785665764,1435100
2025-05-22,463.84759521484375,466.2336154597386,460.564312445008,462.2108884729202,885000
2025-05-23,462.29962158203125,462.9602017786832,459.0262080995785,461.39251986077466,866700
2025-05-27,470.15777587890625,470.15777587890625,462.0827139453672,464.1926650127948,1548000
2025-05-28,463.38421630859375,472.25790848546944,462.41795899496793,470.83811533002626,956500
2025-05-29,467.0421142578125,467.89989963819,458.78958581999234,461.3629419611249,851000
2025-05-30,475.61016845703125,475.61016845703125,464.44902882456563,467.0224151064018,2196300
2025-06-02,475.35205078125,476.255463546768,470.56695339329434,474.7961091250155,1154200
2025-06-03,476.6922607421875,477.64529921651376,473.088547087225,475.5307214324252,1032300
2025-06-04,478.71746826171875,483.33378344598185,478.20124539500097,478.4990604533868,1273700
2025-06-05,474.5677490234375,481.61633158771656,468.3332346787911,480.8618263796135,1063100
2025-06-06,478.20123291015625,478.4692664557057,473.515417569091,474.34933000734674,714400
2025-06-09,477.34747314453125,479.3429249869939,473.16797344783424,476.8014687551097,1064100
2025-06-10,473.4459228515625,478.1615197530652,472.195069327763,476.52347636237886,1150400
2025-06-11,453.29296875,460.7882739075851,440.1984981311597,460.7882739075851,3618200
2025-06-12,465.8711853027344,465.8711853027344,453.1936860861184,453.9978170374872,1700600
2025-06-13,482.9267883300781,484.7633650507826,469.9216619739855,475.5009530095853,2729700
2025-06-16,463.6772155761719,479.2337355782977,461.15560358669444,478.5189491205146,2766600
2025-06-17,475.8682556152344,478.0920221558337,464.11401343463586,467.35041175797346,2191200
2025-06-18,465.2060546875,478.8663738833809,464.57067550341174,474.984719686177,1871200
2025-06-20,467.15185546875,470.87469520671493,457.7702872104594,465.6031565614804,2419400
2025-06-23,469.0380859375,478.876314006281,465.1365571821872,469.50468306092614,2666400
2025-06-24,456.8669128417969,465.30534973042575,454.365145103848,464.4614999822533,1970200
2025-06-25,455.07000732421875,461.5129921387031,453.19368159193385,460.8478314551742,1265500
2025-06-26,454.58355712890625,460.70888293999735,453.3327035448915,455.98334854369136,1590100
2025-06-27,455.2685546875,455.85427784362497,448.1901904758194,452.339938906875,1996400
2025-06-30,459.7856140136719,460.460681682347,454.56370110761117,456.1223372840164,1205600
2025-07-01,462.5653076171875,466.0399579330589,456.66832722881344,459.6465989281318,1242800
2025-07-02,459.1998596191406,463.5481412760388,455.28839358143614,462.62488429314874,1127300
2025-07-03,459.1700744628906,461.979594459304,457.6313128369731,460.3514580195165,707900
2025-07-07,465.6627197265625,467.1419183547047,458.02841394434364,461.1357490274336,1224100
2025-07-08,459.65655517578125,463.24039439293813,457.31363225470125,460.83793875568364,1243000
2025-07-09,459.7061767578125,462.6149482734115,456.8768124929414,462.00938088403757,892700
2025-07-10,460.9471130371094,463.10140958472937,452.6973027721563,455.35788491201447,1253300
2025-07-11,464.12396240234375,464.818874315526,458.4751710951621,461.3839426339259,1209200
2025-07-14,470.14007568359375,471.3214592788673,464.6104103237401,466.59592489777316,1488000
2025-07-15,466.71502685546875,470.50736676746595,465.11670224814355,469.86208062349334,1039500
2025-07-16,468.0552673339844,469.1770878870293,463.03191801405967,466.2683163817402,935000
2025-07-17,465.8017272949219,470.9640469663469,464.3224983479738,467.0922996386412,926200
2025-07-18,460.5996398925781,467.79712987172115,457.63130544435063,465.8215526619961,1845300
2025-07-21,457.1944885253906,463.97500711444945,457.1944885253906,461.27473651814626,1577800
2025-07-22,407.7651062011719,434.281674359293,407.1396642815752,419.6881305571951,8886500
2025-07-23,416.35247802734375,420.30363249642085,408.02323014934905,410.7632498569258,4578600
2025-07-24,417.5040588378906,423.78822933898215,417.08711774950064,417.9508117291418,3083900
2025-07-25,418.1195983886719,422.5870061640639,415.4788603791877,418.4869137360898,2461800
2025-07-28,418.288330078125,425.75385358425837,418.1195783141124,422.8153006494517,2423700
2025-07-29,417.0871276855469,420.58162246129274,414.3272636140681,419.67820968619617,2428800
2025-07-30,415.6476135253906,419.73776869915685,414.12869608859785,417.0871237097283,1632100
2025-07-31,417.93096923828125,419.5193566437112,409.56200237059716,414.1088476638015,2178000
2025-08-01,417.96075439453125,420.8893702083459,413.9797879854354,417.712565073197,2006300
2025-08-04,420.6312561035156,421.5247315631735,415.9652849414015,416.9580421846984,1548200
2025-08-05,425.13836669921875,426.9551294825871,418.80457042314595,420.2639248325124,1643900
2025-08-06,431.70050048828125,433.4576699313904,424.5625733665138,424.67176212275035,2032300
2025-08-07,427.63018798828125,431.70049879686974,424.94973127867377,427.31249839521496,1490000
2025-08-08,422.5472717285156,430.44961092861877,420.83972805245844,428.06699959602776,1477600
2025-08-11,423.1727294921875,424.7214284312089,421.04821436248886,422.9146029035013,1462100
2025-08-12,428.434326171875,428.46410767819333,421.92184088685116,422.8351909081931,1492100
2025-08-13,439.3645935058594,440.23822475339404,428.29535597315686,429.38736473602756,1890600
2025-08-14,434.1526184082031,440.68494794171573,431.69056946152136,432.8818903091362,1733600
2025-08-15,434.390869140625,438.2328349325275,433.29883008305063,434.6688399646851,1501700
2025-08-18,437.4485778808594,440.55588268604765,435.93956744106316,437.3592030656209,1154400
2025-08-19,437.9052429199219,441.28061161764265,435.42334971622313,436.67420328923475,1248100
2025-08-20,442.7697448730469,443.841909400106,436.9522017809592,436.9522017809592,1282800
2025-08-21,443.9610595703125,445.2416946244476,441.4791664159538,441.76704420834534,1026000
2025-08-22,442.9682922363281,449.28221373510775,441.63797087487916,446.73082035926933,1890300
2025-08-25,444.477294921875,445.49983371832474,441.8762756705104,443.83200874292964,985200
2025-08-26,452.1612243652344,453.06463712981486,443.762506220471,447.25700095553935,2051500
2025-08-27,451.17840576171875,456.142192200316,450.7118086246287,453.5610171929358,1293900
2025-08-28,452.8760070800781,453.243322424901,447.0981524602191,450.5827401953022,1385800
2025-08-29,452.3299865722656,456.5690490846537,451.5854186415025,454.20628200358453,1373200
2025-09-02,452.5,455.7699890136719,447.5899963378906,453.79998779296875,1645600
2025-09-03,449.05999755859375,452.0,446.69000244140625,451.07000732421875,1541800
2025-09-04,456.8500061035156,457.1700134277344,449.5,450.9599914550781,1449200
2025-09-05,463.8999938964844,463.9800109863281,456.7699890136719,456.7699890136719,1465200
2025-09-08,459.1099853515625,462.92999267578125,452.7699890136719,462.92999267578125,1477600
2025-09-09,457.05999755859375,457.8699951171875,452.4200134277344,457.6099853515625,1008400
2025-09-10,463.8699951171875,464.3800048828125,455.7099914550781,456.2099914550781,1076900
2025-09-11,470.7300109863281,472.3999938964844,462.989990234375,463.8500061035156,1623700
2025-09-12,471.30999755859375,472.9800109863281,467.1700134277344,468.92999267578125,1041100
2025-09-15,473.25,474.2900085449219,468.989990234375,471.4700012207031,1148300
2025-09-16,474.32000732421875,478.44000244140625,471.6700134277344,473.5899963378906,1156900
2025-09-17,473.1199951171875,477.19000244140625,472.6400146484375,474.92999267578125,1016500
2025-09-18,473.6199951171875,474.3599853515625,467.989990234375,471.1199951171875,1107700
2025-09-19,472.94000244140625,477.0,471.3800048828125,474.2300109863281,2839100
2025-09-22,480.3900146484375,482.07000732421875,473.010009765625,473.6700134277344,1409800
2025-09-23,486.6700134277344,486.7799987792969,479.3399963378906,480.8999938964844,1135500
2025-09-24,486.25,495.239990234375,485.510009765625,487.1499938964844,1424200
2025-09-25,484.3399963378906,490.739990234375,484.05999755859375,489.5799865722656,1205700
2025-09-26,487.44000244140625,490.75,484.57000732421875,487.9100036621094,913900
2025-09-29,491.9800109863281,498.989990234375,489.2200012207031,497.0,1391100
2025-09-30,499.2099914550781,499.8900146484375,491.1400146484375,492.5799865722656,1312700
2025-10-01,499.0,504.07000732421875,495.0,496.1700134277344,1187000
2025-10-02,499.3599853515625,503.6000061035156,497.010009765625,499.239990234375,915500
2025-10-03,504.489990234375,506.80999755859375,499.25,499.4200134277344,1006500
2025-10-06,514.239990234375,515.4299926757812,506.6300048828125,506.6300048828125,1389700
2025-10-07,511.07000732421875,515.97998046875,509.1400146484375,514.2000122070312,922400
2025-10-08,514.02001953125,516.0,511.2200012207031,515.25,798400
2025-10-09,507.760009765625,515.1900024414062,503.80999755859375,513.8900146484375,1186000
2025-10-10,505.04998779296875,513.4500122070312,500.5400085449219,508.8299865722656,1313800
2025-10-13,503.8299865722656,507.42999267578125,500.0,502.29998779296875,926700
2025-10-14,505.17999267578125,507.0,499.0,501.25,1078000
2025-10-15,499.4100036621094,505.0,485.4800109863281,503.0,1678500
2025-10-16,493.25,501.30999755859375,492.0,500.739990234375,1099700
2025-10-17,495.1499938964844,496.67999267578125,488.1000061035156,490.4800109863281,1915500
2025-10-20,505.8999938964844,505.8999938964844,496.42999267578125,496.42999267578125,1433300
2025-10-21,489.5,506.6000061035156,482.7099914550781,482.7099914550781,2870000
2025-10-22,487.1400146484375,492.4100036621094,482.5400085449219,491.4700012207031,1725700
2025-10-23,488.04998779296875,493.9800109863281,486.5199890136719,488.1199951171875,1445700
2025-10-24,485.4100036621094,491.82000732421875,484.0799865722656,490.2799987792969,1368400
2025-10-27,486.9100036621094,487.30999755859375,479.8699951171875,484.0799865722656,1423200
2025-10-28,485.7699890136719,489.3999938964844,483.6199951171875,486.3699951171875,1220600
2025-10-29,485.3299865722656,488.82000732421875,483.6700134277344,485.0,971500
2025-10-30,489.7200012207031,494.4599914550781,485.5,485.57000732421875,1081000
2025-10-31,491.8800048828125,493.6099853515625,486.04998779296875,489.0,1185000
2025-11-03,487.94000244140625,491.510009765625,484.75,491.0,846600
2025-11-04,484.9800109863281,488.5,481.0,484.4599914550781,1169300
2025-11-05,473.1400146484375,485.8500061035156,473.1400146484375,483.0199890136719,1708000
2025-11-06,468.9200134277344,474.17999267578125,466.1099853515625,473.1099853515625,1093600
2025-11-07,458.3500061035156,469.4100036621094,456.20001220703125,468.8999938964844,2514500
2025-11-10,452.1000061035156,457.1000061035156,448.4800109863281,456.0,1630100
2025-11-11,457.07000732421875,461.7699890136719,451.0,451.7699890136719,1322100
2025-11-12,457.0400085449219,459.7699890136719,455.2200012207031,456.1400146484375,935400
2025-11-13,455.8500061035156,460.9100036621094,455.1000061035156,458.010009765625,819600
2025-11-14,465.7699890136719,466.3900146484375,454.0,455.8500061035156,1177300
2025-11-17,470.7799987792969,471.6000061035156,464.7200012207031,467.2799987792969,1822400
2025-11-18,474.7200012207031,485.0,471.20001220703125,475.2200012207031,1242100
2025-11-19,469.9100036621094,472.4200134277344,468.29998779296875,472.0,861300
2025-11-20,468.260009765625,477.42999267578125,465.0199890136719,473.8800048828125,1044900
2025-11-21,460.7799987792969,469.3999938964844,459.9599914550781,468.6000061035156,1575300
2025-11-24,451.05999755859375,461.19000244140625,450.05999755859375,459.42999267578125,1411200
2025-11-25,451.5899963378906,453.4599914550781,448.7049865722656,451.05999755859375,595118
